
--table chauffeur 
insert into chauffeur (id_chauffeur, nom_complet, mail_chauffeur, contact_chauffeur , id_vehicule) values (1, 'Terri Dilawey', 'tdilawey0@naver.com', '+261346457281', 1);
insert into chauffeur (id_chauffeur, nom_complet, mail_chauffeur, contact_chauffeur , id_vehicule) values (2, 'Shawn Kondratenko', 'skondratenko1@is.gd', '+261341185524', 2);
insert into chauffeur (id_chauffeur, nom_complet, mail_chauffeur, contact_chauffeur , id_vehicule) values (3, 'Devonna Bentote', 'dbentote2@qq.com', '+261348563544', 3);
insert into chauffeur (id_chauffeur, nom_complet, mail_chauffeur, contact_chauffeur , id_vehicule) values (4, 'Gale Bernt', 'gbernt3@51.la', '+261349569601', 4);
insert into chauffeur (id_chauffeur, nom_complet, mail_chauffeur, contact_chauffeur , id_vehicule) values (5, 'Wallie Prahl', 'wprahl4@acquirethisname.com', '+261344538506', 5);
insert into chauffeur (id_chauffeur, nom_complet, mail_chauffeur, contact_chauffeur , id_vehicule) values (6, 'Sully Brundall', 'sbrundall5@delicious.com', '+261349557136', 6);
insert into chauffeur (id_chauffeur, nom_complet, mail_chauffeur, contact_chauffeur , id_vehicule) values (7, 'Adelind Ludgrove', 'aludgrove6@theguardian.com', '+261345489960', 7);
insert into chauffeur (id_chauffeur, nom_complet, mail_chauffeur, contact_chauffeur , id_vehicule) values (8, 'Darill Risom', 'drisom7@sun.com', '+261345275278', 8);
insert into chauffeur (id_chauffeur, nom_complet, mail_chauffeur, contact_chauffeur , id_vehicule) values (9, 'Elwira O''Scollee', 'eoscollee8@nature.com', '+261343258649', 9);
insert into chauffeur (id_chauffeur, nom_complet, mail_chauffeur, contact_chauffeur , id_vehicule) values (10, 'Angus Quinevan', 'aquinevan9@scientificamerican.com', '+261341854234', 10);
insert into chauffeur (id_chauffeur, nom_complet, mail_chauffeur, contact_chauffeur , id_vehicule) values (11, 'Matilda Limpertz', 'mlimpertza@discuz.net', '+261344286192', 11);
insert into chauffeur (id_chauffeur, nom_complet, mail_chauffeur, contact_chauffeur , id_vehicule) values (12, 'Sapphire Apedaile', 'sapedaileb@apple.com', '+261349651132', 12);
insert into chauffeur (id_chauffeur, nom_complet, mail_chauffeur, contact_chauffeur , id_vehicule) values (13, 'Xerxes Langstaff', 'xlangstaffc@privacy.gov.au', '+261343665452', 13);
insert into chauffeur (id_chauffeur, nom_complet, mail_chauffeur, contact_chauffeur , id_vehicule) values (14, 'Kaylee O''Bruen', 'kobruend@tuttocitta.it', '+261342768158', 14);
insert into chauffeur (id_chauffeur, nom_complet, mail_chauffeur, contact_chauffeur , id_vehicule) values (15, 'Ange Stollman', 'astollmane@feedburner.com', '+261341720234', 15);
insert into chauffeur (id_chauffeur, nom_complet, mail_chauffeur, contact_chauffeur , id_vehicule) values (16, 'Chane Taylot', 'ctaylotf@ezinearticles.com', '+261345212176', 16);
insert into chauffeur (id_chauffeur, nom_complet, mail_chauffeur, contact_chauffeur , id_vehicule) values (17, 'Rufus Bonallick', 'rbonallickg@chronoengine.com', '+261347702202', 17);
insert into chauffeur (id_chauffeur, nom_complet, mail_chauffeur, contact_chauffeur , id_vehicule) values (18, 'Amity Cufflin', 'acufflinh@csmonitor.com', '+261341239914', 18);
insert into chauffeur (id_chauffeur, nom_complet, mail_chauffeur, contact_chauffeur , id_vehicule) values (19, 'Kati Nowakowski', 'knowakowskii@mtv.com', '+261348874121', 19);
insert into chauffeur (id_chauffeur, nom_complet, mail_chauffeur, contact_chauffeur , id_vehicule) values (20, 'Berny Trimbey', 'btrimbeyj@reverbnation.com', '+261344140328', 20);
insert into chauffeur (id_chauffeur, nom_complet, mail_chauffeur, contact_chauffeur , id_vehicule) values (21, 'Malena Erik', 'merikk@xinhuanet.com', '+261348489218', 21);
insert into chauffeur (id_chauffeur, nom_complet, mail_chauffeur, contact_chauffeur , id_vehicule) values (22, 'Elsey Pincked', 'epinckedl@bbc.co.uk', '+261344569764', 22);
insert into chauffeur (id_chauffeur, nom_complet, mail_chauffeur, contact_chauffeur , id_vehicule) values (23, 'Marin Green', 'mgreenm@reuters.com', '+261346418715', 23);
insert into chauffeur (id_chauffeur, nom_complet, mail_chauffeur, contact_chauffeur , id_vehicule) values (24, 'Lydia Golding', 'lgoldingn@spotify.com', '+261341433030', 24);
insert into chauffeur (id_chauffeur, nom_complet, mail_chauffeur, contact_chauffeur , id_vehicule) values (25, 'Rurik Readitt', 'rreaditto@google.com.br', '+261340628771', 25);
insert into chauffeur (id_chauffeur, nom_complet, mail_chauffeur, contact_chauffeur , id_vehicule) values (26, 'Blair Canwell', 'bcanwellp@dailymotion.com', '+261346108825', 26);
insert into chauffeur (id_chauffeur, nom_complet, mail_chauffeur, contact_chauffeur , id_vehicule) values (27, 'Darn Wattisham', 'dwattishamq@ihg.com', '+261342084535', 27);
insert into chauffeur (id_chauffeur, nom_complet, mail_chauffeur, contact_chauffeur , id_vehicule) values (28, 'Margalo Laxson', 'mlaxsonr@istockphoto.com', '+261347913021', 28);
insert into chauffeur (id_chauffeur, nom_complet, mail_chauffeur, contact_chauffeur , id_vehicule) values (29, 'Jarrad Hatcliffe', 'jhatcliffes@dedecms.com', '+261344274185', 29);
insert into chauffeur (id_chauffeur, nom_complet, mail_chauffeur, contact_chauffeur , id_vehicule) values (30, 'Rodi Vannini', 'rvanninit@livejournal.com', '+261346465567', 30);
insert into chauffeur (id_chauffeur, nom_complet, mail_chauffeur, contact_chauffeur , id_vehicule) values (31, 'Ashlin Muehle', 'amuehleu@bloglovin.com', '+261342640733', 31);
insert into chauffeur (id_chauffeur, nom_complet, mail_chauffeur, contact_chauffeur , id_vehicule) values (32, 'Sollie McVicker', 'smcvickerv@sciencedaily.com', '+261347997301', 32);
insert into chauffeur (id_chauffeur, nom_complet, mail_chauffeur, contact_chauffeur , id_vehicule) values (33, 'Jacquetta O''Kieran', 'jokieranw@comcast.net', '+261344409254', 33);
insert into chauffeur (id_chauffeur, nom_complet, mail_chauffeur, contact_chauffeur , id_vehicule) values (34, 'Ariadne Schimaschke', 'aschimaschkex@topsy.com', '+261342015562', 34);
insert into chauffeur (id_chauffeur, nom_complet, mail_chauffeur, contact_chauffeur , id_vehicule) values (35, 'Roby Arrighi', 'rarrighiy@parallels.com', '+261345524457', 35);
insert into chauffeur (id_chauffeur, nom_complet, mail_chauffeur, contact_chauffeur , id_vehicule) values (36, 'Vaclav Pedel', 'vpedelz@un.org', '+261342725178', 36);
insert into chauffeur (id_chauffeur, nom_complet, mail_chauffeur, contact_chauffeur , id_vehicule) values (37, 'Bourke Fortie', 'bfortie10@ucla.edu', '+261343354466', 37);
insert into chauffeur (id_chauffeur, nom_complet, mail_chauffeur, contact_chauffeur , id_vehicule) values (38, 'Emerson Calven', 'ecalven11@merriam-webster.com', '+261345002367', 38);
insert into chauffeur (id_chauffeur, nom_complet, mail_chauffeur, contact_chauffeur , id_vehicule) values (39, 'Ethan Mahedy', 'emahedy12@mapquest.com', '+261340984415', 39);
insert into chauffeur (id_chauffeur, nom_complet, mail_chauffeur, contact_chauffeur , id_vehicule) values (40, 'Michal Fiddiman', 'mfiddiman13@miitbeian.gov.cn', '+261346701482', 40);


--table offre
insert into offre values (1 , 'lite' , 15000) , (2 , 'premium' , 25000) , (3 , 'VIP' , 30000) ;

--table client
insert into client (id_client, nom_client, prenom_client, contact ) values (1, 'Avictor', 'Oliphant', '+261347746625');
insert into client (id_client, nom_client, prenom_client, contact ) values (2, 'Simona', 'Bramer', '+261348588272');
insert into client (id_client, nom_client, prenom_client, contact ) values (3, 'Jennie', 'Rosel', '+261340854974');
insert into client (id_client, nom_client, prenom_client, contact ) values (4, 'Adey', 'Merrett', '+261342086262');
insert into client (id_client, nom_client, prenom_client, contact ) values (5, 'Blakelee', 'Pucker', '+261343335618');
insert into client (id_client, nom_client, prenom_client, contact ) values (6, 'Calla', 'Tiner', '+261342283350');
insert into client (id_client, nom_client, prenom_client, contact ) values (7, 'Bidget', 'Connal', '+261346150900');
insert into client (id_client, nom_client, prenom_client, contact ) values (8, 'Alix', 'McMorland', '+261344369690');
insert into client (id_client, nom_client, prenom_client, contact ) values (9, 'Travers', 'Ney', '+261347077393');
insert into client (id_client, nom_client, prenom_client, contact ) values (10, 'Gaspard', 'Glasser', '+261346950710');
insert into client (id_client, nom_client, prenom_client, contact ) values (11, 'Cathie', 'Saffin', '+261343535699');
insert into client (id_client, nom_client, prenom_client, contact ) values (12, 'Tobie', 'Carbry', '+261344309067');
insert into client (id_client, nom_client, prenom_client, contact ) values (13, 'Rafe', 'Yakubov', '+261345679384');
insert into client (id_client, nom_client, prenom_client, contact ) values (14, 'Jorry', 'Putton', '+261345486369');
insert into client (id_client, nom_client, prenom_client, contact ) values (15, 'Alvira', 'Delagua', '+261346986046');
insert into client (id_client, nom_client, prenom_client, contact ) values (16, 'Betteanne', 'Lathwell', '+261342366614');
insert into client (id_client, nom_client, prenom_client, contact ) values (17, 'Roslyn', 'Janku', '+261342945115');
insert into client (id_client, nom_client, prenom_client, contact ) values (18, 'Felisha', 'St Louis', '+261349700497');
insert into client (id_client, nom_client, prenom_client, contact ) values (19, 'Giordano', 'Aggio', '+261348551759');
insert into client (id_client, nom_client, prenom_client, contact ) values (20, 'Reade', 'Spratley', '+261345427733');
insert into client (id_client, nom_client, prenom_client, contact ) values (21, 'Kariotta', 'de Werk', '+261341576324');
insert into client (id_client, nom_client, prenom_client, contact ) values (22, 'Ulises', 'Mellmoth', '+261342134700');
insert into client (id_client, nom_client, prenom_client, contact ) values (23, 'Lenci', 'Dibben', '+261348988212');
insert into client (id_client, nom_client, prenom_client, contact ) values (24, 'Giacobo', 'Camps', '+261346798418');
insert into client (id_client, nom_client, prenom_client, contact ) values (25, 'Ari', 'Boult', '+261349340162');
insert into client (id_client, nom_client, prenom_client, contact ) values (26, 'Jessamine', 'Wickmann', '+261340436624');
insert into client (id_client, nom_client, prenom_client, contact ) values (27, 'Demetra', 'Bonny', '+261346031602');
insert into client (id_client, nom_client, prenom_client, contact ) values (28, 'Bliss', 'Petroff', '+261344493142');
insert into client (id_client, nom_client, prenom_client, contact ) values (29, 'Jasen', 'Collyns', '+261347674566');
insert into client (id_client, nom_client, prenom_client, contact ) values (30, 'Meryl', 'Karys', '+261349093835');
insert into client (id_client, nom_client, prenom_client, contact ) values (31, 'Krystle', 'Erington', '+261349395512');
insert into client (id_client, nom_client, prenom_client, contact ) values (32, 'Emery', 'Jursch', '+261348395374');
insert into client (id_client, nom_client, prenom_client, contact ) values (33, 'Shawn', 'Beirne', '+261347964383');
insert into client (id_client, nom_client, prenom_client, contact ) values (34, 'Ade', 'Roome', '+261344166238');
insert into client (id_client, nom_client, prenom_client, contact ) values (35, 'Rem', 'Crust', '+261349856824');
insert into client (id_client, nom_client, prenom_client, contact ) values (36, 'Woodman', 'Ramshay', '+261349417318');
insert into client (id_client, nom_client, prenom_client, contact ) values (37, 'Cybil', 'Gath', '+261343370770');
insert into client (id_client, nom_client, prenom_client, contact ) values (38, 'Iolanthe', 'Reicharz', '+261341608771');
insert into client (id_client, nom_client, prenom_client, contact ) values (39, 'Harv', 'Cawte', '+261342498318');
insert into client (id_client, nom_client, prenom_client, contact ) values (40, 'Boot', 'Darbishire', '+261340904042');
insert into client (id_client, nom_client, prenom_client, contact ) values (41, 'Mart', 'O''Cannavan', '+261343920563');
insert into client (id_client, nom_client, prenom_client, contact ) values (42, 'Cinderella', 'Sharpless', '+261345193540');
insert into client (id_client, nom_client, prenom_client, contact ) values (43, 'Arlen', 'Fielder', '+261340476074');
insert into client (id_client, nom_client, prenom_client, contact ) values (44, 'Jonah', 'MacArthur', '+261347159552');
insert into client (id_client, nom_client, prenom_client, contact ) values (45, 'Henrieta', 'Pitchers', '+261343598668');
insert into client (id_client, nom_client, prenom_client, contact ) values (46, 'Wadsworth', 'Lathwell', '+261347405646');
insert into client (id_client, nom_client, prenom_client, contact ) values (47, 'Etta', 'Teresia', '+261347719342');
insert into client (id_client, nom_client, prenom_client, contact ) values (48, 'Darcy', 'Challiner', '+261347154433');
insert into client (id_client, nom_client, prenom_client, contact ) values (49, 'Silvano', 'Cafferty', '+261346426514');
insert into client (id_client, nom_client, prenom_client, contact ) values (50, 'Jule', 'Hinge', '+261344708070');

--table maintenance
insert into maintenance values (1 , 'essence' , 1000000) , (2 , 'entretien' , 1500000) ;

--table requerir
insert into requerir (id_maintenance, id_vehicule , date_maintenance) values (2, 1 , '2022-06-10');
insert into requerir (id_maintenance,  id_vehicule, date_maintenance) values (2, 2 , '2022-06-12');
insert into requerir (id_maintenance,  id_vehicule, date_maintenance) values (2, 3 , '2022-06-13');
insert into requerir (id_maintenance,  id_vehicule , date_maintenance) values (1, 4 , '2022-06-13');
insert into requerir (id_maintenance,  id_vehicule , date_maintenance) values (2, 5 , '2022-06-14');
insert into requerir (id_maintenance, id_vehicule , date_maintenance) values (2, 6 , '2022-06-14');
insert into requerir (id_maintenance, id_vehicule, date_maintenance) values (2, 7 , '2022-06-14');
insert into requerir (id_maintenance,  id_vehicule, date_maintenance) values (1, 8 , '2022-06-14');
insert into requerir (id_maintenance,  id_vehicule, date_maintenance) values (1, 9 , '2022-06-15');
insert into requerir (id_maintenance, id_vehicule , date_maintenance) values (1, 10 , '2022-06-15');
insert into requerir (id_maintenance,  id_vehicule, date_maintenance) values (2, 11 , '2022-06-16');
insert into requerir (id_maintenance, id_vehicule, date_maintenance) values (2, 12 , '2022-06-16');
insert into requerir (id_maintenance, id_vehicule , date_maintenance) values (1, 13 , '2022-06-17');
insert into requerir (id_maintenance,  id_vehicule, date_maintenance) values (2, 14 , '2022-06-18');

--table reserver
insert into reserver values ( 1 , 1 , 1 , 1 , 2 , current_date , 15000) ;
insert into reserver values (2 , 1 , 1 , 1 , 3 , current_date , 10000) ;
insert into reserver values (3 , 1 , 1 , 1 , 4 , current_date , 15000) ;
insert into reserver values (4 , 2 , 2 , 2 , 2 , current_date , 25000 ) ;
insert into reserver values (5 , 2 , 2 , 2 , 2 , current_date , 20000) ;
insert into reserver values (6 , 3 , 3 , 1 , 6 , current_date , 30000) ;
insert into reserver values (7 , 3 , 3 , 2 , 10 , current_date , 35000 ) ;
insert into reserver values (1 , 2 , 14 , 14 , 5 , current_date , 35000) ;
insert into reserver values (10 , 3 , 14 , 14 , 3 , current_date , 30000) ;

--table utiliser
insert into utiliser (id_vehicule, id_voyage) values (1, 1);
insert into utiliser (id_vehicule, id_voyage) values (2, 1);
insert into utiliser (id_vehicule, id_voyage) values (3, 1);
insert into utiliser (id_vehicule, id_voyage) values (4, 1);
insert into utiliser (id_vehicule, id_voyage) values (5, 2);
insert into utiliser (id_vehicule, id_voyage) values (6, 2);
insert into utiliser (id_vehicule, id_voyage) values (7, 1);
insert into utiliser (id_vehicule, id_voyage) values (8, 2);
insert into utiliser (id_vehicule, id_voyage) values (9, 1);
insert into utiliser (id_vehicule, id_voyage) values (10, 2);
insert into utiliser (id_vehicule, id_voyage) values (11, 2);
insert into utiliser (id_vehicule, id_voyage) values (12, 2);
insert into utiliser (id_vehicule, id_voyage) values (13, 1);
insert into utiliser (id_vehicule, id_voyage) values (14, 1);

--table vehicules
insert into vehicules (id_vehicule ,nombre_places, matricule) values (1 ,10, '19UUA662');
insert into vehicules (id_vehicule ,nombre_places, matricule) values (2 , 10, '2G4WF521');
insert into vehicules (id_vehicule ,nombre_places, matricule) values (3 , 10, '5TDBKRFH');
insert into vehicules (id_vehicule ,nombre_places, matricule) values (4 , 10, 'WVGAV7AX');
insert into vehicules (id_vehicule ,nombre_places, matricule) values (5 ,10, '1VWAP7A3');
insert into vehicules (id_vehicule ,nombre_places, matricule) values (6,10, 'WAUKD98P');
insert into vehicules (id_vehicule ,nombre_places, matricule) values (7 ,10, '5GADT13S');
insert into vehicules (id_vehicule ,nombre_places, matricule) values (8 ,10, '1GKS1AE0');
insert into vehicules (id_vehicule ,nombre_places, matricule) values (9 ,18, 'JN1BY1AP');
insert into vehicules (id_vehicule ,nombre_places, matricule) values (10 ,18, '19UUA9F7');
insert into vehicules (id_vehicule ,nombre_places, matricule) values (11 ,18, '1G6AR5SX');
insert into vehicules (id_vehicule ,nombre_places, matricule) values (12 ,18, '1C4RDHEG');
insert into vehicules (id_vehicule ,nombre_places, matricule) values (13 ,18, 'JN1AY1AR');
insert into vehicules (id_vehicule ,nombre_places, matricule) values (14 ,18, '1G6D25EY');

--table ville
insert into ville values (1 , 'Antananarivo') , (2 , 'Antsirabe') , (3 , 'Fianarantsoa') , (4 , 'Tulear') , (5 , 'Morondava') , (6 , 'Tamatave') , 
(7 , 'Mahajanga'), (8 , 'Diego') ;

--table voyage
insert into voyage values (1 , '2022-06-10' , '06:00 AM' , 1 , 2 ) , (2 , '2022-06-10' , '10:00 AM' , 1 , 2 ) , (3, '2022-06-10' , '12:00 AM' , 1 , 2) ,
(4 , '2022-06-10' , '04:00 PM' , 1 , 2 ) , (5 , '2022-06-10' , '06:00 PM' , 1 , 2 ) , (6, '2022-06-10' , '07:00 PM' , 1 , 3) , 
(7 , '2022-06-10' , '09:00 PM' , 1 , 3 ) , (8 , '2022-06-11' , '03:00 AM' , 1 , 8) , (9 , '2022-06-11' , '04:00 AM' , 1 , 7 ) , 
(10 , '2022-06-11' , '08:00 AM' , 3 , 4 ) , (11 , '2022-06-11' , '11:00 AM' , 5 , 6) , (12 , '2022-06-11' , '11:00 PM' , 3 , 1) , 
(13 , '2022-06-11' , '08:00 PM' , 4 , 6 ) , (14 , '2022-06-12' , '02:00 AM' , 1 , 5 ) ;